time,msl_hPa,u10,v10,fuente,lat_grid,lon_grid,wind_speed
2026-10-05 00:00:00,1019.265,-2.50738525390625,-1.0240936279296875,forecast,39.5,2.75,2.708458707507408
2026-10-05 03:00:00,1018.953125,-1.19854736328125,-1.5091552734375,forecast,39.5,2.75,1.9271910702814736
2026-10-05 06:00:00,1019.095625,-0.87445068359375,-1.255828857421875,forecast,39.5,2.75,1.5302843255980598
2026-10-05 09:00:00,1019.776875,0.06097412109375,-0.667755126953125,forecast,39.5,2.75,0.6705331856182357
2026-10-05 12:00:00,1019.928125,3.5107269287109375,1.1425323486328125,forecast,39.5,2.75,3.6919620441776675
2026-10-05 15:00:00,1018.23375,3.4875946044921875,0.830230712890625,forecast,39.5,2.75,3.585052183986991
2026-10-05 18:00:00,1018.99375,2.7422027587890625,-0.533935546875,forecast,39.5,2.75,2.793700617197027
2026-10-05 21:00:00,1020.093125,0.174285888671875,-1.489471435546875,forecast,39.5,2.75,1.4996335313336435
2026-10-06 00:00:00,1019.2575,-0.90948486328125,-0.633148193359375,forecast,39.5,2.75,1.108169369407021
2026-10-06 03:00:00,1018.11625,-0.8710174560546875,-0.8635101318359375,forecast,39.5,2.75,1.2265077074911912
2026-10-06 06:00:00,1018.28,-0.736907958984375,-0.9244842529296875,forecast,39.5,2.75,1.182245521847928
2026-10-06 09:00:00,1018.373125,-0.455047607421875,-0.2440643310546875,forecast,39.5,2.75,0.5163678172713178
2026-10-06 12:00:00,1017.681875,1.5616455078125,1.595062255859375,forecast,39.5,2.75,2.2322545312168502
2026-10-06 15:00:00,1016.501875,3.2548980712890625,2.109771728515625,forecast,39.5,2.75,3.8788526913154446
2026-10-06 18:00:00,1015.06625,-0.6739044189453125,0.6449432373046875,forecast,39.5,2.75,0.9327909440057133
2026-10-06 21:00:00,1015.765625,-0.695556640625,0.86907958984375,forecast,39.5,2.75,1.113147956832566
2026-10-07 00:00:00,1014.816875,0.9181060791015625,2.204742431640625,forecast,39.5,2.75,2.3882646340721667
2026-10-07 03:00:00,1013.57125,1.8398895263671875,0.6923828125,forecast,39.5,2.75,1.9658553935325669
2026-10-07 06:00:00,1013.78625,2.3492584228515625,1.5951080322265625,forecast,39.5,2.75,2.83960996825492
2026-10-07 09:00:00,1014.4125,2.5212249755859375,2.536529541015625,forecast,39.5,2.75,3.57638888964319
2026-10-07 12:00:00,1015.003125,3.310699462890625,0.4293212890625,forecast,39.5,2.75,3.3384199410539352
2026-10-07 15:00:00,1013.3475,3.6877288818359375,4.0474395751953125,forecast,39.5,2.75,5.475501020069683
2026-10-07 18:00:00,1013.229375,3.3308258056640625,2.5908203125,forecast,39.5,2.75,4.219804549898046
2026-10-07 21:00:00,1014.168125,3.7863616943359375,1.1311798095703125,forecast,39.5,2.75,3.9517214782818435
2026-10-08 00:00:00,1014.613125,3.2598876953125,-0.0628814697265625,forecast,39.5,2.75,3.2604941136712418
2026-10-08 03:00:00,1014.04125,1.171966552734375,-0.4823455810546875,forecast,39.5,2.75,1.2673448071819597
2026-10-08 06:00:00,1015.293125,-0.454254150390625,-0.999481201171875,forecast,39.5,2.75,1.0978658864556647
2026-10-08 09:00:00,1017.140625,-0.134735107421875,-1.4589996337890625,forecast,39.5,2.75,1.4652076578316817
2026-10-08 12:00:00,1017.343125,2.6232452392578125,-1.71337890625,forecast,39.5,2.75,3.133222440502944
2026-10-08 15:00:00,1017.1525,2.8218994140625,-2.1409149169921875,forecast,39.5,2.75,3.5421226665498113
2026-10-08 18:00:00,1018.52625,-0.691314697265625,-1.79327392578125,forecast,39.5,2.75,1.9219124286872071
2026-10-08 21:00:00,1020.45625,-2.702850341796875,-1.9924163818359375,forecast,39.5,2.75,3.3578449947488185
2026-10-09 00:00:00,1020.9875,-3.594818115234375,-3.548980712890625,forecast,39.5,2.75,5.051532577553754
2026-10-09 03:00:00,1020.97875,-4.990081787109375,-3.167083740234375,forecast,39.5,2.75,5.910273738135794
2026-10-09 06:00:00,1021.430625,-4.99853515625,-3.06109619140625,forecast,39.5,2.75,5.861370454194911
2026-10-09 09:00:00,1022.926875,-5.8040771484375,-3.3953857421875,forecast,39.5,2.75,6.7242810681339416
2026-10-09 12:00:00,1022.49875,-4.1888427734375,-2.936370849609375,forecast,39.5,2.75,5.115532968031313
2026-10-09 15:00:00,1021.025625,-3.829864501953125,-2.0495758056640625,forecast,39.5,2.75,4.343802836971787
2026-10-09 18:00:00,1021.049375,-3.3293914794921875,-1.550811767578125,forecast,39.5,2.75,3.672855124038241
2026-10-09 21:00:00,1022.35375,-1.723876953125,-1.0631103515625,forecast,39.5,2.75,2.0253284595627634
2026-10-10 00:00:00,1021.289375,-0.9302520751953125,-1.3700408935546875,forecast,39.5,2.75,1.6560135788746757
