time,msl_hPa,u10,v10,wind_speed,eta_IB,eta_wind,eta_inst,eta_met,eta_IB_cm,eta_wind_cm,eta_inst_cm,eta_met_cm,astro_m,astro_cm,fuente,total_m,total_cm,galibo_entrada_m,galibo_entrada_cm,galibo_salida_m,galibo_salida_cm,residuo_m,residuo_cm
2026-10-06 00:00:00,1018.70875,-1.1491546630859375,-0.6201629638671875,1.3058171929656497,-0.029692168125000088,-0.00013461073561338709,-0.029826778860613475,-0.029826778860613475,-2.969216812500009,-0.013461073561338709,-2.9826778860613476,-2.9826778860613476,-0.0843625707459823,-8.436257074598231,historico,-0.11418934960659577,-11.418934960659577,1.5971893496065959,159.7189349606596,1.5881893496065957,158.81893496065956,-0.029826778860613475,-2.9826778860613476
2026-10-06 01:00:00,1018.5039720230984,-1.5899652551721641,-0.852599408935494,1.8041383718473034,-0.02779725511574117,-0.00025442401324100384,-0.028051679128982175,-0.029649268887450345,-2.779725511574117,-0.025442401324100382,-2.8051679128982174,-2.9649268887450346,-0.0826678153967176,-8.26678153967176,historico,-0.11231708428416794,-11.231708428416793,1.595317084284168,159.5317084284168,1.5863170842841678,158.63170842841677,-0.029649268887450345,-2.9649268887450346
2026-10-06 02:00:00,1018.3447496017523,-1.8508882875795716,-1.0367197461478976,2.1214559352369777,-0.0263238904398145,-0.00037617574121853644,-0.026700066181033037,-0.029354348616808613,-2.63238904398145,-0.037617574121853646,-2.6700066181033035,-2.935434861680861,-0.0797896575665959,-7.97896575665959,historico,-0.1091440061834045,-10.91440061834045,1.5921440061834047,159.21440061834048,1.5831440061834046,158.31440061834044,-0.029354348616808613,-2.935434861680861
2026-10-06 03:00:00,1018.27125,-1.9367828369140625,-1.1374969482421875,2.2461137692969104,-0.025643761875000087,-0.0004528647575411014,-0.026096626632541187,-0.02902857641838187,-2.5643761875000086,-0.04528647575411014,-2.609662663254119,-2.902857641838187,-0.0782407792917213,-7.824077929172129,historico,-0.10726935571010317,-10.726935571010317,1.5902693557101033,159.02693557101034,1.5812693557101032,158.1269355710103,-0.02902857641838187,-2.902857641838187
2026-10-06 04:00:00,1018.2564541019515,-1.731824952508399,-1.1799629705043015,2.095597833051956,-0.025506848032407988,-0.0004873094141164673,-0.025994157446524457,-0.02872513452119613,-2.5506848032407987,-0.04873094141164673,-2.5994157446524455,-2.872513452119613,-0.0796775817918395,-7.967758179183949,historico,-0.10840271631303562,-10.840271631303562,1.5914027163130358,159.14027163130356,1.5824027163130356,158.24027163130356,-0.02872513452119613,-2.872513452119613
2026-10-06 05:00:00,1018.2470464954201,-1.3421204318180135,-1.2091399121727235,1.8064624492948733,-0.025419794745370233,-0.0005117067645231716,-0.025931501509893404,-0.028445771220065856,-2.5419794745370234,-0.051170676452317154,-2.5931501509893407,-2.8445771220065854,-0.0842942847341118,-8.42942847341118,historico,-0.11274005595417766,-11.274005595417766,1.5957400559541777,159.57400559541776,1.5867400559541776,158.67400559541775,-0.028445771220065856,-2.8445771220065854
2026-10-06 06:00:00,1018.24375,-1.1054229736328125,-1.2199859619140625,1.6463066840362977,-0.025389290624999793,-0.0005209280115435832,-0.025910218636543376,-0.028192215961713608,-2.5389290624999794,-0.05209280115435832,-2.5910218636543374,-2.819221596171361,-0.0906341617860747,-9.06341617860747,historico,-0.1188263777477883,-11.88263777477883,1.6018263777477884,160.18263777477884,1.5928263777477882,159.28263777477883,-0.028192215961713608,-2.819221596171361
2026-10-06 07:00:00,1018.370625,-1.0752577535813497,-1.0839470702963951,1.5268007361279823,-0.026563328437500172,-0.00041122943792144833,-0.02697455787542162,-0.02807045015308441,-2.6563328437500173,-0.04112294379214483,-2.697455787542162,-2.807045015308441,-0.0964161960614196,-9.64161960614196,historico,-0.124486646214504,-12.448664621450401,1.607486646214504,160.74866462145042,1.598486646214504,159.8486646214504,-0.02807045015308441,-2.807045015308441
2026-10-06 08:00:00,1018.60625,-1.0594709961983129,-0.7529957980363666,1.299800547640241,-0.028743684375000425,-0.00019845093515114863,-0.028942135310151575,-0.02815761866879113,-2.8743684375000425,-0.01984509351511486,-2.8942135310151573,-2.8157618668791127,-0.0995448915126759,-9.95448915126759,historico,-0.12770251018146703,-12.770251018146702,1.6107025101814672,161.0702510181467,1.601702510181467,160.1702510181467,-0.02815761866879113,-2.8157618668791127
2026-10-06 09:00:00,1018.733125,-1.0272979736328125,-0.3428802490234375,1.0830087681087615,-0.029917722187499753,-4.1148402809631075e-05,-0.029958870590309383,-0.028337743860942954,-2.991772218749975,-0.004114840280963108,-2.995887059030938,-2.833774386094295,-0.0978842900721423,-9.78842900721423,historico,-0.12622203393308526,-12.622203393308526,1.6092220339330854,160.92220339330854,1.6002220339330853,160.02220339330853,-0.028337743860942954,-2.833774386094295
2026-10-06 10:00:00,1018.5505727611941,-0.30362163122673713,0.36486693587453223,0.47467249324482114,-0.028228475045709384,4.6594758313064504e-05,-0.028181880287396318,-0.02832215750358829,-2.8228475045709382,0.0046594758313064505,-2.8181880287396317,-2.832215750358829,-0.0890344463271012,-8.90344463271012,historico,-0.1173566038306895,-11.73566038306895,1.6003566038306896,160.03566038306894,1.5913566038306894,159.13566038306894,-0.02832215750358829,-2.832215750358829
2026-10-06 11:00:00,1018.1163538557214,0.9873171276374999,1.2600649698876567,1.6007994374262955,-0.024210430403917974,0.0005557173049182934,-0.02365471309899968,-0.027855413063129428,-2.4210430403917975,0.055571730491829334,-2.3654713098999682,-2.785541306312943,-0.0722095542077661,-7.220955420776611,historico,-0.10006496727089553,-10.006496727089553,1.5830649672708956,158.30649672708955,1.5740649672708955,157.40649672708955,-0.027855413063129428,-2.785541306312943
2026-10-06 12:00:00,1017.600625,1.67724609375,1.7339935302734375,2.412444408070323,-0.019438133437500338,0.0010523567470605484,-0.018385776690439788,-0.026908449425860462,-1.9438133437500338,0.10523567470605484,-1.8385776690439788,-2.6908449425860463,-0.0498426702849938,-4.98426702849938,historico,-0.07675111971085426,-7.675111971085426,1.5597511197108545,155.97511197108545,1.5507511197108543,155.07511197108542,-0.026908449425860462,-2.6908449425860463
2026-10-06 13:00:00,1016.8035998479824,1.6179355137462452,1.7731830255913417,2.400394419441645,-0.01206286119330472,0.0011004623147858425,-0.010962398878518877,-0.025313844371126305,-1.2062861193304721,0.11004623147858425,-1.0962398878518878,-2.5313844371126306,-0.0261088306416515,-2.61088306416515,historico,-0.05142267501277781,-5.1422675012777805,1.5344226750127778,153.4422675012778,1.5254226750127777,152.54226750127776,-0.025313844371126305,-2.5313844371126306
2026-10-06 14:00:00,1015.8469735351023,1.4679843358692264,1.7931614444063806,2.3174136393969444,-0.0032107196070689406,0.001125399787996952,-0.0020853198190719886,-0.022990991915920876,-0.32107196070689403,0.1125399787996952,-0.20853198190719885,-2.2990991915920875,-0.0050150229353434,-0.50150229353434,historico,-0.028006014851264277,-2.800601485126428,1.5110060148512643,151.10060148512642,1.5020060148512642,150.2006014851264,-0.022990991915920876,-2.2990991915920875
2026-10-06 15:00:00,1015.383125,1.2693634033203125,1.828704833984375,2.2260828420179575,0.001081502812500463,0.0011704564794432371,0.0022519592919437,-0.020466696795134416,0.1081502812500463,0.1170456479443237,0.22519592919437,-2.0466696795134416,0.0099301389627199,0.99301389627199,historico,-0.010536557832414516,-1.0536557832414517,1.4935365578324147,149.35365578324146,1.4845365578324146,148.45365578324146,-0.020466696795134416,-2.0466696795134416
2026-10-06 16:00:00,1015.4033063786007,0.82549134501185,2.0171040777308593,2.1794826957532685,0.0008947544256179968,0.001424048101139461,0.002318802526757458,-0.01818814686294523,0.08947544256179968,0.1424048101139461,0.2318802526757458,-1.8188146862945231,0.0165866988418709,1.65866988418709,historico,-0.0016014480210743316,-0.16014480210743315,1.4846014480210745,148.46014480210746,1.4756014480210744,147.56014480210743,-0.01818814686294523,-1.8188146862945231
2026-10-06 17:00:00,1015.4494599794239,0.22007379072424105,2.3094553591779294,2.319917354001947,0.000467672080401276,0.0018667544196124806,0.0023344265000137567,-0.016135889526649332,0.0467672080401276,0.18667544196124805,0.23344265000137565,-1.6135889526649332,0.0151014885456949,1.51014885456949,historico,-0.0010344009809544318,-0.10344009809544319,1.4840344009809545,148.40344009809544,1.4750344009809544,147.50344009809544,-0.016135889526649332,-1.6135889526649332
2026-10-06 18:00:00,1015.5,-0.0844879150390625,2.46124267578125,2.4626923715467375,-0.0,0.0021202004281803966,0.0021202004281803966,-0.01431028053116636,-0.0,0.21202004281803966,0.21202004281803966,-1.4310280531166362,0.0066971596470441,0.66971596470441,historico,-0.007613120884122261,-0.7613120884122261,1.4906131208841225,149.06131208841225,1.4816131208841223,148.16131208841225,-0.01431028053116636,-1.4310280531166362
2026-10-06 19:00:00,1015.5628548353909,0.062389420665593415,2.414597687897859,2.4154035758466272,-0.000581627219289769,0.00204059869804059,0.001458971478750821,-0.012733355330174643,-0.058162721928976896,0.204059869804059,0.1458971478750821,-1.2733355330174643,-0.0076860028579093,-0.76860028579093,forecast,-0.020419358188083943,-2.0419358188083945,1.5034193581880841,150.34193581880842,1.494419358188084,149.4419358188084,-0.012733355330174643,-1.2733355330174643
2026-10-06 20:00:00,1015.6318788065844,0.3841053522903882,2.3279712818287037,2.3594463780042343,-0.001220340536728578,0.0018968076011567122,0.0006764670644281343,-0.011392373090714366,-0.12203405367285779,0.18968076011567123,0.06764670644281343,-1.1392373090714365,-0.0268842820064565,-2.68842820064565,forecast,-0.03827665509717087,-3.827665509717087,1.521276655097171,152.1276655097171,1.512276655097171,151.2276655097171,-0.011392373090714366,-1.1392373090714365
2026-10-06 21:00:00,1015.664375,0.7022857666015625,2.2813262939453125,2.3869761116143158,-0.0015210440624995373,0.001821557380806189,0.00030051331830665174,-0.010223084449812264,-0.15210440624995372,0.1821557380806189,0.030051331830665173,-1.0223084449812263,-0.0485495421108969,-4.85495421108969,forecast,-0.05877262656070916,-5.877262656070916,1.5417726265607092,154.17726265607092,1.5327726265607091,153.27726265607092,-0.010223084449812264,-1.0223084449812263
2026-10-06 22:00:00,1015.4153375235649,0.9576240097689073,2.7397297046802658,2.902268526307188,0.0007834242256925848,0.0026271415991475956,0.0034105658248401805,-0.008859719422347019,0.07834242256925847,0.26271415991475955,0.34105658248401804,-0.8859719422347019,-0.0688173184045853,-6.88173184045853,forecast,-0.07767703782693232,-7.767703782693232,1.5606770378269323,156.06770378269323,1.5516770378269322,155.16770378269322,-0.008859719422347019,-0.8859719422347019
2026-10-06 23:00:00,1014.8636611582409,1.2095668891734837,3.5910503246166083,3.7892868053650766,0.005888361472217685,0.004513474851875167,0.010401836324092851,-0.006933563847703033,0.5888361472217685,0.45134748518751666,1.040183632409285,-0.6933563847703033,-0.0831889785677804,-8.31889785677804,forecast,-0.09012254241548344,-9.012254241548344,1.5731225424154835,157.31225424154835,1.5641225424154834,156.41225424154834,-0.006933563847703033,-0.6933563847703033
2026-10-07 00:00:00,1014.3025,1.4578704833984375,4.0494537353515625,4.303889159947909,0.011081066249999917,0.005739326444163453,0.01682039269416337,-0.0045581681935163935,1.1081066249999918,0.5739326444163453,1.6820392694163369,-0.45581681935163937,-0.0890149792698202,-8.901497926982021,forecast,-0.0935731474633366,-9.35731474633366,1.5765731474633367,157.65731474633367,1.5675731474633365,156.75731474633366,-0.0045581681935163935,-0.45581681935163937
2026-10-07 01:00:00,1013.7184916195368,1.7549635849091867,3.782820636622503,4.170087427526476,0.016485187798615773,0.005008406189099977,0.021493593987715748,-0.0019529919753931801,1.6485187798615772,0.5008406189099976,2.149359398771575,-0.19529919753931801,-0.087117870309208,-8.711787030920801,forecast,-0.08907086228460119,-8.90708622846012,1.5720708622846014,157.20708622846013,1.5630708622846012,156.30708622846012,-0.0019529919753931801,-0.19529919753931801
2026-10-07 02:00:00,1013.1243846986574,2.0485718125283783,3.109211897702471,3.723418469081928,0.02198275619097354,0.0033835195186851107,0.025366275709658652,0.0007789347931120023,2.198275619097354,0.3383519518685111,2.536627570965865,0.07789347931120023,-0.0806709716996184,-8.06709716996184,forecast,-0.0798920369065064,-7.98920369065064,1.5628920369065065,156.28920369065065,1.5538920369065063,155.38920369065065,0.0007789347931120023,0.07789347931120023
2026-10-07 03:00:00,1012.8525,2.181396484375,2.2180633544921875,3.1109959284101842,0.02449864125000034,0.0017219317655893973,0.02622057301558974,0.0033230986153597753,2.449864125000034,0.17219317655893973,2.6220573015589737,0.3323098615359775,-0.0735720285246446,-7.35720285246446,forecast,-0.07024892990928483,-7.024892990928483,1.5532489299092849,155.32489299092848,1.5442489299092848,154.42489299092847,0.0033230986153597753,0.3323098615359775
2026-10-07 04:00:00,1013.0929807968839,1.0215064154730902,0.23642454073792257,1.0485093801754084,0.022273352196034636,1.9563797212098164e-05,0.022292915993246735,0.005220080353148471,2.2273352196034635,0.0019563797212098165,2.2292915993246734,0.5220080353148471,-0.0696564258923293,-6.96564258923293,forecast,-0.06443634553918083,-6.443634553918083,1.5474363455391809,154.7436345539181,1.5384363455391807,153.84363455391806,0.005220080353148471,0.5220080353148471
2026-10-07 05:00:00,1013.5941560382124,-1.1325751410590277,-2.462380414906647,2.710358603185325,0.017635727100401392,-0.0021221610577005405,0.015513566042700853,0.006249428922103709,1.7635727100401393,-0.21221610577005406,1.5513566042700853,0.6249428922103709,-0.0712457252523837,-7.124572525238369,forecast,-0.06499629633027998,-6.499629633027998,1.54799629633028,154.799629633028,1.53899629633028,153.89962963302798,0.006249428922103709,0.6249428922103709
2026-10-07 06:00:00,1014.025625,-2.2924652099609375,-3.8195037841796875,4.454661142695839,0.013643129062500085,-0.005106013205077033,0.008537115857423052,0.006478197615635644,1.3643129062500086,-0.5106013205077033,0.8537115857423052,0.6478197615635644,-0.0775835956701865,-7.758359567018649,forecast,-0.07110539805455085,-7.110539805455085,1.554105398054551,155.4105398054551,1.5451053980545508,154.5105398054551,0.006478197615635644,0.6478197615635644
2026-10-07 07:00:00,1014.3287606284542,-1.30781329119647,-1.5720746075665506,2.044943563129718,0.010838063524598752,-0.0008649965001144334,0.009973067024484318,0.006827684556520512,1.083806352459875,-0.08649965001144334,0.9973067024484318,0.6827684556520511,-0.0856024978237453,-8.56024978237453,forecast,-0.07877481326722478,-7.877481326722478,1.561774813267225,156.1774813267225,1.5527748132672248,155.27748132672247,0.006827684556520512,0.6827684556520511
2026-10-07 08:00:00,1014.5916025364495,0.5208259865089695,2.601722434714989,2.6533411645550466,0.008405855928964553,0.0023691358695547516,0.010774991798519304,0.007222415280720391,0.8405855928964553,0.23691358695547515,1.0774991798519304,0.7222415280720391,-0.0925186695195546,-9.25186695195546,forecast,-0.08529625423883422,-8.529625423883422,1.5682962542388343,156.82962542388344,1.5592962542388342,155.9296254238834,0.007222415280720391,0.7222415280720391
2026-10-07 09:00:00,1014.70375,1.5054779052734375,4.849151611328125,5.077473296129941,0.007368099374999874,0.008229994972376153,0.015598094347376027,0.008059983187385954,0.7368099374999875,0.8229994972376152,1.5598094347376028,0.8059983187385954,-0.0968046806437274,-9.68046806437274,forecast,-0.08874469745634145,-8.874469745634144,1.5717446974563416,157.17446974563416,1.5627446974563415,156.27446974563415,0.008059983187385954,0.8059983187385954
2026-10-07 10:00:00,1014.5984230199889,1.4334632025824652,4.756522284613715,4.967828599819528,0.008342742584532718,0.007918576485409407,0.016261319069942125,0.00888011677564157,0.8342742584532717,0.7918576485409408,1.6261319069942124,0.888011677564157,-0.0965138251817919,-9.65138251817919,forecast,-0.08763370840615033,-8.763370840615032,1.5706337084061504,157.06337084061502,1.5616337084061502,156.16337084061502,0.00888011677564157,0.888011677564157
2026-10-07 11:00:00,1014.3415682622,1.2997216118706598,4.584496392144097,4.7651740196918215,0.01071954808573244,0.007356162509353786,0.018075710595086225,0.009799676157586036,1.071954808573244,0.7356162509353786,1.8075710595086225,0.9799676157586037,-0.0887607286668714,-8.87607286668714,forecast,-0.07896105250928537,-7.896105250928537,1.5619610525092855,156.19610525092855,1.5529610525092854,155.29610525092855,0.009799676157586036,0.9799676157586037
2026-10-07 12:00:00,1014.021875,1.2277069091796875,4.4918670654296875,4.656622594578549,0.013677829687499792,0.00706190440672217,0.020739734094221963,0.010893681951249628,1.3677829687499792,0.7061904406722169,2.073973409422196,1.0893681951249627,-0.0724525471208419,-7.24525471208419,forecast,-0.06155886516959227,-6.155886516959227,1.5445588651695923,154.45588651695923,1.5355588651695922,153.55588651695922,0.010893681951249628,1.0893681951249627
2026-10-07 13:00:00,1013.4516724785408,1.337623583338912,4.85269221553096,5.033672475378112,0.01895419871982284,0.008242017608536174,0.027196216328359012,0.012523935388960565,1.895419871982284,0.8242017608536174,2.719621632835901,1.2523935388960565,-0.0500350730655226,-5.00350730655226,forecast,-0.037511137676562036,-3.7511137676562036,1.520511137676562,152.0511137676562,1.511511137676562,151.1511137676562,0.012523935388960565,1.2523935388960565
2026-10-07 14:00:00,1012.7295862392704,1.6204935452585536,5.522796065719039,5.755629914592001,0.025636023734911716,0.010675446734232593,0.036311470469144305,0.01490268889697894,2.5636023734911717,1.0675446734232592,3.6311470469144305,1.490268889697894,-0.0257316257702327,-2.57316257702327,forecast,-0.010828936873253762,-1.0828936873253763,1.4938289368732538,149.38289368732538,1.4848289368732537,148.48289368732537,0.01490268889697894,1.490268889697894
2026-10-07 15:00:00,1012.37375,2.0059967041015625,5.8836212158203125,6.216190263185099,0.028928754375000258,0.012115949513937813,0.04104470388893807,0.017516890396174854,2.8928754375000256,1.2115949513937814,4.104470388893807,1.7516890396174853,-0.0039718111555876,-0.39718111555875996,forecast,0.013545079240587253,1.3545079240587252,1.4694549207594128,146.94549207594127,1.4604549207594126,146.04549207594127,0.017516890396174854,1.7516890396174853
2026-10-07 16:00:00,1012.4265055999113,2.980498163002442,5.1198130467587,5.924175464435666,0.028440580431221236,0.00917436997181621,0.037614950403037445,0.019526696396861113,2.8440580431221236,0.9174369971816211,3.7614950403037444,1.9526696396861114,0.0108100258991158,1.08100258991158,forecast,0.030336722295976913,3.0336722295976912,1.4526632777040231,145.2663277704023,1.443663277704023,144.3663277704023,0.019526696396861113,1.9526696396861114
2026-10-07 17:00:00,1012.5625945331559,4.357222110743843,3.5292328236606285,5.607215783787761,0.027181281487441863,0.00435941951326125,0.031540701000703115,0.020728096857245314,2.7181281487441864,0.435941951326125,3.1540701000703115,2.0728096857245313,0.0157371377172468,1.5737137717246799,forecast,0.03646523457449211,3.646523457449211,1.446534765425508,144.6534765425508,1.437534765425508,143.7534765425508,0.020728096857245314,2.0728096857245313
2026-10-07 18:00:00,1012.74875,5.0561370849609375,2.16314697265625,5.499429701999034,0.025458691875000255,0.0016377216888591646,0.02709641356385942,0.021364928527906724,2.5458691875000254,0.16377216888591645,2.709641356385942,2.1364928527906724,0.0110245052894036,1.10245052894036,forecast,0.032389433817310326,3.2389433817310325,1.4506105661826898,145.061056618269,1.4416105661826897,144.16105661826896,0.021364928527906724,2.1364928527906724
2026-10-07 19:00:00,1013.227544355733,4.980598702106517,1.2090212996032605,5.125241061093563,0.021028168304224538,0.0005116063760130249,0.021539774680237562,0.02138241314313981,2.1028168304224537,0.05116063760130249,2.153977468023756,2.138241314313981,-0.0012529271195629,-0.12529271195629,forecast,0.02012948602357691,2.012948602357691,1.462870513976423,146.2870513976423,1.453870513976423,145.3870513976423,0.02138241314313981,2.138241314313981
2026-10-07 20:00:00,1013.9071055111999,4.793969553193067,0.3835099784149117,4.8092851839421975,0.014739849152111581,5.147796624033211e-05,0.014791327118351913,0.02072330454066102,1.4739849152111582,0.005147796624033211,1.4791327118351913,2.072330454066102,-0.0190605839051771,-1.90605839051771,forecast,0.001662720635483922,0.1662720635483922,1.481337279364516,148.1337279364516,1.472337279364516,147.2337279364516,0.02072330454066102,2.072330454066102
2026-10-07 21:00:00,1014.2525,4.5562286376953125,0.0316619873046875,4.556338648563665,0.011543741249999497,3.5086850402876735e-07,0.011544092118503525,0.01980538329844527,1.1543741249999497,3.5086850402876735e-05,1.1544092118503526,1.9805383298445272,-0.0405220303763461,-4.05220303763461,forecast,-0.02071664707790083,-2.0716647077900827,1.5037166470779009,150.37166470779007,1.4947166470779008,149.47166470779007,0.01980538329844527,1.9805383298445272
2026-10-07 22:00:00,1014.2395334553752,4.2343467954938765,0.11727340133101852,4.235970471470382,0.011663727170685765,4.813567730911147e-06,0.011668540738416677,0.01899169904244241,1.1663727170685765,0.0004813567730911147,1.1668540738416677,1.8991699042442411,-0.0628630550068909,-6.286305500689091,forecast,-0.043871355964448494,-4.38713559644485,1.5268713559644487,152.68713559644488,1.5178713559644486,151.78713559644484,0.01899169904244241,1.8991699042442411
2026-10-07 23:00:00,1014.2062891329725,3.774242274347231,0.27626602737991895,3.7843397922694573,0.011971353508038705,2.6713021259498746e-05,0.011998066529298204,0.01829233579112799,1.1971353508038705,0.0026713021259498746,1.1998066529298204,1.829233579112799,-0.0816424674858663,-8.16424674858663,forecast,-0.06335013169473831,-6.335013169473831,1.5463501316947383,154.63501316947384,1.5373501316947382,153.73501316947383,0.01829233579112799,1.829233579112799
2026-10-08 00:00:00,1014.16125,3.204315185546875,0.36187744140625,3.2246846498417545,0.012388123125000044,4.583434890955686e-05,0.012433957473909601,0.01770649795940615,1.2388123125000043,0.004583434890955686,1.2433957473909603,1.770649795940615,-0.0921057429401702,-9.21057429401702,forecast,-0.07439924498076404,-7.4399244980764045,1.557399244980764,155.73992449807642,1.548399244980764,154.83992449807639,0.01770649795940615,1.770649795940615
2026-10-08 01:00:00,1014.0504238299903,2.176418743960026,0.1747572800543056,2.183423608920751,0.013413653089184425,1.0689037426192649e-05,0.013424342126610617,0.017278282376126598,1.3413653089184425,0.0010689037426192649,1.3424342126610616,1.7278282376126597,-0.0923648274052252,-9.23648274052252,forecast,-0.0750865450290986,-7.50865450290986,1.5580865450290986,155.80865450290986,1.5490865450290985,154.90865450290985,0.017278282376126598,1.7278282376126597
2026-10-08 02:00:00,1013.895003581662,0.9121432912508458,-0.27969686567263874,0.9540627444990311,0.014851834357090987,-2.738061783348434e-05,0.014824453739257502,0.01703289951243969,1.4851834357090987,-0.002738061783348434,1.4824453739257502,1.7032899512439688,-0.0845486311340334,-8.45486311340334,forecast,-0.0675157316215937,-6.75157316215937,1.5505157316215938,155.05157316215937,1.5415157316215937,154.15157316215937,0.01703289951243969,1.7032899512439688
2026-10-08 03:00:00,1013.81625,0.29449462890625,-0.84112548828125,0.8911897516752542,0.015580580625000296,-0.0002476222304627299,0.015332958394537567,0.016862905400649476,1.5580580625000295,-0.024762223046272992,1.5332958394537566,1.6862905400649477,-0.0729807059952721,-7.298070599527209,forecast,-0.05611780059462262,-5.611780059462261,1.5391178005946227,153.91178005946227,1.5301178005946225,153.01178005946227,0.016862905400649476,1.6862905400649477
2026-10-08 04:00:00,1014.0473041129433,0.6802690468593038,-1.7876944722910566,1.9127512913013194,0.013442521390879491,-0.0011185480341909997,0.012323973356688491,0.01640901219625338,1.3442521390879492,-0.11185480341909997,1.2323973356688491,1.6409012196253379,-0.0626835613386501,-6.2683561338650104,forecast,-0.04627454914239673,-4.6274549142396735,1.529274549142397,152.9274549142397,1.5202745491423968,152.02745491423968,0.01640901219625338,1.6409012196253379
2026-10-08 05:00:00,1014.5619693369977,1.5437724144651352,-2.9839614783341277,3.359651674183725,0.008680066740092127,-0.0031164091364636972,0.00556365760362843,0.015324476736990885,0.8680066740092127,-0.3116409136463697,0.556365760362843,1.5324476736990884,-0.0583521778104018,-5.83521778104018,forecast,-0.04302770107341092,-4.302770107341091,1.526027701073411,152.6027701073411,1.517027701073411,151.7027701073411,0.015324476736990885,1.5324476736990884
2026-10-08 06:00:00,1015.0925,2.44427490234375,-3.6491546630859375,4.392130411696514,0.003770801250000253,-0.004660715414292645,-0.0008899141642923917,0.013703037646862558,0.3770801250000253,-0.46607154142926444,-0.08899141642923916,1.3703037646862557,-0.0618394732516617,-6.183947325166169,forecast,-0.04813643560479914,-4.813643560479914,1.5311364356047992,153.11364356047991,1.522136435604799,152.2136435604799,0.013703037646862558,1.3703037646862557
2026-10-08 07:00:00,1015.644203755899,3.3879896644707426,-3.769682045752296,5.068429410836043,-0.0013343894552109974,-0.004973675954123526,-0.006308065409334524,0.01170192734124285,-0.13343894552109975,-0.4973675954123526,-0.6308065409334523,1.170192734124285,-0.0706230005872515,-7.0623000587251505,forecast,-0.05892107324600865,-5.892107324600865,1.5419210732460087,154.19210732460087,1.5329210732460086,153.29210732460086,0.01170192734124285,1.170192734124285
2026-10-08 08:00:00,1016.2136531839611,4.3749156741634945,-3.8474815732776237,5.8260622733328455,-0.006603789737784299,-0.005181090059848801,-0.0117848797976331,0.009353246627355257,-0.6603789737784299,-0.5181090059848801,-1.17848797976331,0.9353246627355257,-0.0803373909232483,-8.033739092324831,forecast,-0.07098414429589305,-7.098414429589305,1.553984144295893,155.3984144295893,1.544984144295893,154.4984144295893,0.009353246627355257,0.9353246627355257
2026-10-08 09:00:00,1016.52,4.9550018310546875,-3.8750762939453125,6.290330629597481,-0.009438569999999834,-0.005255675699363928,-0.014694245699363763,0.006948497394683355,-0.9438569999999834,-0.5255675699363929,-1.4694245699363764,0.6948497394683355,-0.0884626237458843,-8.84626237458843,forecast,-0.08151412635120095,-8.151412635120096,1.564514126351201,156.4514126351201,1.555514126351201,155.5514126351201,0.006948497394683355,0.6948497394683355
2026-10-08 10:00:00,1016.5761093535989,5.157680472662098,-3.770432648835359,6.388883331027695,-0.009957777903527374,-0.004975656825791267,-0.01493343472931864,0.0047603041822831555,-0.9957777903527374,-0.4975656825791267,-1.493343472931864,0.47603041822831554,-0.0941546080948389,-9.415460809483891,forecast,-0.08939430391255575,-8.939430391255575,1.5723943039125559,157.23943039125558,1.5633943039125557,156.33943039125558,0.0047603041822831555,0.47603041822831554
2026-10-08 11:00:00,1016.6076824303323,5.296641648277664,-3.576094450774016,6.3908422192326295,-0.010249939369079579,-0.00447595803229985,-0.014725897401379428,0.0028116840239168976,-1.024993936907958,-0.447595803229985,-1.4725897401379429,0.2811684023916898,-0.0952517842615595,-9.52517842615595,forecast,-0.09244010023764261,-9.244010023764261,1.5754401002376428,157.5440100237643,1.5664401002376427,156.64401002376428,0.0028116840239168976,0.2811684023916898
2026-10-08 12:00:00,1016.653125,5.3482208251953125,-3.4714508056640625,6.376083177876406,-0.010670442187500422,-0.004217839743650984,-0.014888281931151406,0.0010416874284100675,-1.0670442187500422,-0.4217839743650984,-1.4888281931151406,0.10416874284100676,-0.0883036846703628,-8.83036846703628,forecast,-0.08726199724195273,-8.726199724195274,1.570261997241953,157.0261997241953,1.5612619972419528,156.1261997241953,0.0010416874284100675,0.10416874284100676
2026-10-08 13:00:00,1016.7338119228367,4.669523798777803,-3.6535248933015043,5.928970960742349,-0.011417078627969476,-0.004671885451090819,-0.016088964079060294,-0.0006713777223369684,-1.1417078627969475,-0.4671885451090819,-1.6088964079060293,-0.06713777223369684,-0.0722515795276469,-7.22515795276469,forecast,-0.07292295724998386,-7.292295724998386,1.555922957249984,155.5922957249984,1.5469229572499839,154.6922957249984,-0.0006713777223369684,-0.06713777223369684
2026-10-08 14:00:00,1016.8528515749612,3.1730641855547383,-3.991662484628183,5.099186770146608,-0.012518612048903135,-0.005576679286915814,-0.01809529133581895,-0.002413769083685166,-1.2518612048903135,-0.5576679286915814,-1.8095291335818948,-0.2413769083685166,-0.0498691496996799,-4.98691496996799,forecast,-0.052282918783365065,-5.228291878336506,1.5352829187833652,153.52829187833652,1.526282918783365,152.6282918783365,-0.002413769083685166,-0.2413769083685166
2026-10-08 15:00:00,1017.02125,1.6682891845703125,-4.173736572265625,4.494804309202113,-0.014076886875000087,-0.006097026941133663,-0.02017391381613375,-0.004189783556930024,-1.4076886875000088,-0.6097026941133663,-2.017391381613375,-0.41897835569300235,-0.0256503819094836,-2.5650381909483597,forecast,-0.029840165466413625,-2.9840165466413624,1.5128401654664136,151.28401654664137,1.5038401654664135,150.38401654664136,-0.004189783556930024,-0.41897835569300235
2026-10-08 16:00:00,1017.3833306168872,0.14391229104393038,-3.8307055589076953,3.8334078607108624,-0.01742739986336551,-0.005136006777666211,-0.022563406641031722,-0.006027145865340193,-1.7427399863365511,-0.5136006777666211,-2.2563406641031722,-0.6027145865340193,-0.0046532415823566,-0.46532415823566003,forecast,-0.010680387447696792,-1.0680387447696793,1.493680387447697,149.3680387447697,1.4846803874476968,148.46803874476967,-0.006027145865340193,-0.6027145865340193
2026-10-08 17:00:00,1017.9449413497487,-1.3889508368999097,-3.1248341050115713,3.419615857251868,-0.02262426477989923,-0.0034176058643452137,-0.026041870644244444,-0.008028618343230617,-2.262426477989923,-0.34176058643452134,-2.6041870644244445,-0.8028618343230617,0.0078361123573577,0.78361123573577,forecast,-0.0001925059858729171,-0.01925059858729171,1.483192505985873,148.3192505985873,1.474192505985873,147.4192505985873,-0.008028618343230617,-0.8028618343230617
2026-10-08 18:00:00,1018.509375,-2.087249755859375,-2.54095458984375,3.288322029695851,-0.027847251562499793,-0.002259757579676807,-0.0301070091421766,-0.010236457423125215,-2.7847251562499795,-0.22597575796768068,-3.01070091421766,-1.0236457423125214,0.0087837157110192,0.87837157110192,forecast,-0.0014527417121060152,-0.14527417121060152,1.484452741712106,148.4452741712106,1.475452741712106,147.5452741712106,-0.010236457423125215,-1.0236457423125214
2026-10-08 19:00:00,1019.0628774264189,-1.9281183014082643,-2.1966468902951606,2.9228235911304825,-0.03296908626536763,-0.0016888401462251898,-0.03465792641159282,-0.012678604321971975,-3.296908626536763,-0.16888401462251898,-3.465792641159282,-1.2678604321971976,-0.0006748231638687,-0.06748231638687001,forecast,-0.013353427485840674,-1.3353427485840674,1.4963534274858408,149.63534274858407,1.4873534274858407,148.73534274858406,-0.012678604321971975,-1.2678604321971976
2026-10-08 20:00:00,1019.619251379893,-1.5669333530335425,-1.9129407036241703,2.472776226922096,-0.03811749264383936,-0.0012807697474537475,-0.039398262391293105,-0.015350570128904086,-3.811749264383936,-0.12807697474537474,-3.9398262391293106,-1.5350570128904086,-0.0170157633336849,-1.70157633336849,forecast,-0.032366333462588985,-3.2366333462588983,1.515366333462589,151.5366333462589,1.506366333462589,150.6366333462589,-0.015350570128904086,-1.5350570128904086
2026-10-08 21:00:00,1020.023125,-1.178009033203125,-1.7298431396484375,2.0928599021666323,-0.04185473718750047,-0.0010473250507260672,-0.042902062238226533,-0.018105719339836332,-4.185473718750047,-0.10473250507260672,-4.290206223822653,-1.8105719339836333,-0.0371045961831544,-3.71045961831544,forecast,-0.05521031552299073,-5.521031552299073,1.538210315522991,153.8210315522991,1.5292103155229908,152.92103155229907,-0.018105719339836332,-1.8105719339836333
2026-10-08 22:00:00,1020.2933331110889,-0.7140595081137375,-1.6171223735358426,1.767757266175939,-0.04435510794346152,-0.000915279669846569,-0.045270387613308094,-0.020822186167183506,-4.435510794346152,-0.0915279669846569,-4.527038761330809,-2.0822186167183507,-0.058712158917531,-5.8712158917531,forecast,-0.0795343450847145,-7.95343450847145,1.5625343450847147,156.25343450847146,1.5535343450847146,155.35343450847145,-0.020822186167183506,-2.0822186167183507
2026-10-08 23:00:00,1020.5061804444333,-0.2135420356866431,-1.5329298119849353,1.547731891988197,-0.04632469074256366,-0.0008224558329652591,-0.04714714657552892,-0.023454682208018045,-4.632469074256366,-0.08224558329652591,-4.714714657552892,-2.3454682208018043,-0.078960050459626,-7.8960050459626,forecast,-0.10241473266764403,-10.241473266764404,1.5854147326676442,158.54147326676443,1.576414732667644,157.64147326676442,-0.023454682208018045,-2.3454682208018043
2026-10-09 00:00:00,1020.5925,0.0206146240234375,-1.499847412109375,1.4999890740718138,-0.047123448749999755,-0.0007873397908639163,-0.04791078854086367,-0.025900292841302606,-4.7123448749999755,-0.07873397908639163,-4.791078854086367,-2.5900292841302606,-0.093207082410939,-9.3207082410939,forecast,-0.1191073752522416,-11.91073752522416,1.6021073752522417,160.21073752522418,1.5931073752522416,159.31073752522417,-0.025900292841302606,-2.5900292841302606
2026-10-09 01:00:00,1020.4424537037037,-0.8924617060908564,-1.787486888744213,1.9978982141918713,-0.04573499534722198,-0.0011182882821013632,-0.046853283629323346,-0.027995591920104677,-4.573499534722198,-0.11182882821013632,-4.685328362932335,-2.799559192010468,-0.0971162480662276,-9.71162480662276,forecast,-0.12511183998633227,-12.511183998633227,1.6081118399863323,160.81118399863323,1.5991118399863322,159.91118399863322,-0.027995591920104677,-2.799559192010468
2026-10-09 02:00:00,1020.1637962962963,-2.588174890588831,-2.321674488208912,3.4768982863285807,-0.043156439027777396,-0.00188656035022004,-0.04504299937799744,-0.029700332665893954,-4.315643902777739,-0.188656035022004,-4.504299937799744,-2.9700332665893954,-0.0902207988719585,-9.022079887195849,forecast,-0.11992113153785244,-11.992113153785244,1.6029211315378524,160.29211315378524,1.5939211315378525,159.39211315378526,-0.029700332665893954,-2.9700332665893954
2026-10-09 03:00:00,1020.01375,-3.501251220703125,-2.60931396484375,4.366609609022054,-0.04176798562499963,-0.002382981778495014,-0.04415096740349464,-0.031145396139654023,-4.176798562499963,-0.23829817784950139,-4.415096740349464,-3.1145396139654022,-0.0762074148348364,-7.6207414834836396,forecast,-0.10735281097449043,-10.735281097449043,1.5903528109744904,159.03528109744906,1.5813528109744903,158.13528109744902,-0.031145396139654023,-3.1145396139654022
2026-10-09 04:00:00,1020.0946713253743,-3.41904660843804,-2.3798209578817584,4.165744531562745,-0.042516791109351026,-0.0019822417270506376,-0.044499032836401664,-0.03248075980932878,-4.251679110935102,-0.19822417270506376,-4.449903283640166,-3.248075980932878,-0.0604960774189957,-6.04960774189957,forecast,-0.09297683722832448,-9.297683722832447,1.5759768372283245,157.59768372283244,1.5669768372283244,156.69768372283244,-0.03248075980932878,-3.248075980932878
2026-10-09 05:00:00,1020.2854537618596,-3.2135509805479554,-1.8716143007461554,3.718850628263825,-0.04428219638536755,-0.0012260290317651322,-0.04550822541713269,-0.03378350637010917,-4.428219638536755,-0.12260290317651322,-4.550822541713269,-3.378350637010917,-0.048910901180956,-4.8910901180956,forecast,-0.08269440755106516,-8.269440755106515,1.5656944075510653,156.5694407551065,1.5566944075510651,155.6694407551065,-0.03378350637010917,-3.378350637010917
2026-10-09 06:00:00,1020.508125,-2.946441650390625,-1.3551025390625,3.243119068201207,-0.046342684687499545,-0.000642706011980772,-0.046985390699480316,-0.03510369480304629,-4.634268468749955,-0.0642706011980772,-4.698539069948032,-3.510369480304629,-0.046166799490182,-4.6166799490182004,forecast,-0.08127049429322829,-8.12704942932283,1.5642704942932284,156.42704942932284,1.5552704942932283,155.52704942932283,-0.03510369480304629,-3.510369480304629
2026-10-09 07:00:00,1020.8356342011032,-2.5497903865121416,-0.9512099816453945,2.7214392229722066,-0.04937329107990824,-0.00031668015021364107,-0.04968997123012188,-0.036562322445753845,-4.937329107990824,-0.031668015021364106,-4.968997123012188,-3.6562322445753845,-0.0526651831283965,-5.26651831283965,forecast,-0.08922750557415035,-8.922750557415036,1.5722275055741504,157.22275055741503,1.5632275055741502,156.32275055741502,-0.036562322445753845,-3.6562322445753845
2026-10-09 08:00:00,1021.2211157116628,-1.9684251068019454,-0.5385021674482164,2.0407552487828315,-0.05294034423787203,-0.00010149460452124944,-0.053041838842393274,-0.038210274085417786,-5.294034423787203,-0.010149460452124944,-5.304183884239327,-3.8210274085417786,-0.0639634653762229,-6.39634653762229,forecast,-0.10217373946164068,-10.217373946164068,1.5851737394616408,158.51737394616407,1.5761737394616406,157.61737394616407,-0.038210274085417786,-3.8210274085417786
2026-10-09 09:00:00,1021.406875,-1.2831573486328125,-0.0238494873046875,1.2833789695156632,-0.054659267812500134,-1.990793156437576e-07,-0.05465946689181578,-0.03985519336605759,-5.465926781250014,-1.990793156437576e-05,-5.465946689181578,-3.9855193366057593,-0.0751655268581224,-7.516552685812241,forecast,-0.11502072022418,-11.502072022418,1.59802072022418,159.802072022418,1.58902072022418,158.902072022418,-0.03985519336605759,-3.9855193366057593
2026-10-09 10:00:00,1021.3330170832459,-0.23914001588176972,0.9494177117376718,0.9790719782309827,-0.053975823579815604,0.00031548789697641885,-0.053660335682839184,-0.04123570759773575,-5.397582357981561,0.03154878969764188,-5.366033568283918,-4.123570759773576,-0.0845829536301577,-8.45829536301577,forecast,-0.12581866122789345,-12.581866122789345,1.6088186612278936,160.88186612278938,1.5998186612278935,159.98186612278934,-0.04123570759773575,-4.123570759773576
2026-10-09 11:00:00,1021.1526313887139,0.9900373384103371,2.1318328453979163,2.350507437164154,-0.05230662455546382,0.0015906489482510817,-0.050715975607212735,-0.04218373439868345,-5.230662455546382,0.15906489482510816,-5.0715975607212735,-4.218373439868345,-0.0917812017437227,-9.17812017437227,forecast,-0.13396493614240615,-13.396493614240615,1.6169649361424063,161.69649361424064,1.6079649361424062,160.79649361424063,-0.04218373439868345,-4.218373439868345
2026-10-09 12:00:00,1020.9275,1.680908203125,2.7073211669921875,3.186697395200375,-0.05022337125000009,0.0025653557654353788,-0.04765801548456471,-0.042731162507271575,-5.022337125000009,0.25653557654353787,-4.765801548456471,-4.273116250727157,-0.0939940813569034,-9.39940813569034,forecast,-0.13672524386417498,-13.672524386417498,1.6197252438641752,161.97252438641752,1.610725243864175,161.0725243864175,-0.042731162507271575,-4.273116250727157
2026-10-09 13:00:00,1020.5331158039083,1.8384381477542155,1.4793169939959492,2.359710488988673,-0.04657393709146587,0.0007659325690538239,-0.04580800452241205,-0.043038846708785626,-4.657393709146588,0.07659325690538239,-4.580800452241205,-4.3038846708785625,-0.0874183514001669,-8.74183514001669,forecast,-0.13045719810895254,-13.045719810895253,1.6134571981089527,161.34571981089528,1.6044571981089526,160.44571981089527,-0.043038846708785626,-4.3038846708785625
2026-10-09 14:00:00,1020.0291717464429,1.9418334469782361,-0.8012621844256365,2.10065185692297,-0.041910690755709364,-0.00022470738086668995,-0.042135398136576054,-0.042948501851564666,-4.191069075570937,-0.022470738086668995,-4.213539813657605,-4.294850185156466,-0.0714943399366474,-7.14943399366474,forecast,-0.11444284178821207,-11.444284178821206,1.597442841788212,159.7442841788212,1.5884428417882122,158.84428417882123,-0.042948501851564666,-4.294850185156466
2026-10-09 15:00:00,1019.75375,1.9789886474609375,-2.029266357421875,2.8344872580668827,-0.03936207562499971,-0.0014412726822774858,-0.04080334830727719,-0.042733986497135924,-3.9362075624999706,-0.14412726822774857,-4.080334830727719,-4.2733986497135925,-0.049550816478664,-4.9550816478664,forecast,-0.09228480297579993,-9.228480297579992,1.5752848029758,157.52848029758,1.5662848029757999,156.62848029757998,-0.042733986497135924,-4.2733986497135925
2026-10-09 16:00:00,1019.7121167258667,1.8059980584163666,-2.0232736014671278,2.7120591906146605,-0.03897682212280784,-0.0014327726232378165,-0.040409594746045656,-0.0425015473220269,-3.897682212280784,-0.14327726232378166,-4.040959474604565,-4.25015473220269,-0.026477970010552,-2.6477970010552,forecast,-0.0689795173325789,-6.89795173325789,1.551979517332579,155.1979517332579,1.5429795173325789,154.2979517332579,-0.0425015473220269,-4.25015473220269
2026-10-09 17:00:00,1019.6855722518222,1.400521168373532,-2.0061283661286997,2.4466324947667495,-0.03873119283223707,-0.0014085928574851722,-0.04013978568972224,-0.04226537115879644,-3.8731192832237067,-0.14085928574851722,-4.013978568972224,-4.226537115879644,-0.0080462103676133,-0.8046210367613301,forecast,-0.050311581526409736,-5.031158152640973,1.5333115815264098,153.33115815264097,1.5243115815264097,152.43115815264096,-0.04226537115879644,-4.226537115879644
2026-10-09 18:00:00,1019.67625,0.93280029296875,-1.9790802001953125,2.187892781963436,-0.03864492937499984,-0.0013708654535817915,-0.04001579482858163,-0.04204041352577496,-3.8644929374999837,-0.13708654535817916,-4.001579482858163,-4.204041352577495,-3.73096315667287e-05,-0.0037309631566728703,forecast,-0.042077723157341686,-4.207772315734169,1.5250777231573418,152.50777231573417,1.5160777231573417,151.60777231573417,-0.04204041352577496,-4.204041352577495
2026-10-09 19:00:00,1019.943125,0.2895051972982127,-1.7457987624158608,1.769640239742369,-0.04111445718750009,-0.001066734661598463,-0.042181191849098555,-0.04205449135810732,-4.1114457187500095,-0.1066734661598463,-4.218119184909855,-4.205449135810732,-0.0047269116538083,-0.47269116538083006,forecast,-0.04678140301191562,-4.678140301191562,1.5297814030119157,152.97814030119156,1.5207814030119156,152.07814030119155,-0.04205449135810732,-4.205449135810732
2026-10-09 20:00:00,1020.43875,-0.4615491682187106,-1.3456488793633123,1.4226027348543662,-0.04570072312500026,-0.0006337698172861084,-0.046334492942286365,-0.04248249151652522,-4.5700723125000255,-0.06337698172861084,-4.633449294228637,-4.248249151652522,-0.0191712836161425,-1.9171283616142498,forecast,-0.06165377513266772,-6.165377513266772,1.5446537751326679,154.4653775132668,1.5356537751326678,153.56537751326678,-0.04248249151652522,-4.248249151652522
2026-10-09 21:00:00,1020.705625,-0.8784027099609375,-1.1334228515625,1.4339590933184907,-0.04817025093750051,-0.00044962657615542416,-0.048619877513655936,-0.043096230116238296,-4.817025093750051,-0.04496265761554242,-4.861987751365594,-4.309623011623829,-0.0382529403293017,-3.82529403293017,forecast,-0.08134917044553999,-8.134917044554,1.5643491704455401,156.434917044554,1.55534917044554,155.534917044554,-0.043096230116238296,-4.309623011623829
2026-10-09 22:00:00,1020.6251011526833,-0.9620953792401205,-1.1764362476490162,1.5197466116223746,-0.04742512351635518,-0.00048440078567387406,-0.047909524302029056,-0.04357755953481737,-4.742512351635518,-0.048440078567387405,-4.790952430202906,-4.357755953481737,-0.0583502396539269,-5.83502396539269,forecast,-0.10192779918874427,-10.192779918874427,1.5849277991887443,158.49277991887442,1.5759277991887441,157.5927799188744,-0.04357755953481737,-4.357755953481737
2026-10-09 23:00:00,1020.4326328609221,-1.0148087507662222,-1.2563182689525463,1.6149837130867986,-0.0456441181785429,-0.0005524174575163728,-0.04619653563605927,-0.043839457144941564,-4.56441181785429,-0.05524174575163728,-4.619653563605927,-4.383945714494156,-0.0775384476249117,-7.753844762491171,forecast,-0.12137790476985327,-12.137790476985327,1.6043779047698534,160.43779047698536,1.5953779047698533,159.53779047698532,-0.043839457144941564,-4.383945714494156
2026-10-10 00:00:00,1020.201875,-1.046295166015625,-1.2993316650390625,1.668231503779031,-0.043508800312499755,-0.0005908919715206139,-0.04409969228402037,-0.043865480658849446,-4.350880031249975,-0.059089197152061394,-4.409969228402037,-4.386548065884945,-0.0931080933241988,-9.310809332419879,forecast,-0.13697357398304824,-13.697357398304824,1.6199735739830483,161.99735739830484,1.6109735739830482,161.0973573983048,-0.043865480658849446,-4.386548065884945
2026-10-10 01:00:00,1019.8353301020408,-1.068975752926356,-1.1977622545238176,1.6054107196311005,-0.040116977099234154,-0.0005021220464266924,-0.04061909914566084,-0.04354084250753059,-4.011697709923415,-0.05021220464266924,-4.061909914566084,-4.354084250753059,-0.100522514107415,-10.0522514107415,forecast,-0.1440633566149456,-14.406335661494559,1.6270633566149457,162.70633566149456,1.6180633566149456,161.80633566149456,-0.04354084250753059,-4.354084250753059
2026-10-10 02:00:00,1019.3906858843537,-1.0858243768429523,-0.9934537218297529,1.471721738224918,-0.03600246183086724,-0.0003454326040960858,-0.03634789443496333,-0.04282154770027386,-3.6002461830867243,-0.03454326040960858,-3.6347894434963326,-4.282154770027386,-0.096486904441337,-9.648690444133699,forecast,-0.13930845214161086,-13.930845214161087,1.622308452141611,162.2308452141611,1.6133084521416108,161.3308452141611,-0.04282154770027386,-4.282154770027386
2026-10-10 03:00:00,1019.174375,-1.0924224853515625,-0.837005615234375,1.3762141135868209,-0.03400082906250051,-0.0002452024399768561,-0.03424603150247736,-0.04196399608049421,-3.400082906250051,-0.02452024399768561,-3.4246031502477363,-4.196399608049421,-0.0823917661256726,-8.23917661256726,forecast,-0.12435576220616681,-12.435576220616682,1.607355762206167,160.7355762206167,1.5983557622061668,159.83557622061667,-0.04196399608049421,-4.196399608049421
2026-10-10 04:00:00,1019.178373875958,-1.0774425082334596,-0.7713904848665633,1.3251134437062662,-0.03403783266117698,-0.00020826514804993506,-0.03424609780922691,-0.04119220625336748,-3.403783266117698,-0.020826514804993507,-3.424609780922691,-4.119220625336748,-0.0633496251233853,-6.33496251233853,forecast,-0.10454183137675277,-10.454183137675276,1.5875418313767529,158.75418313767528,1.5785418313767527,157.85418313767528,-0.04119220625336748,-4.119220625336748
2026-10-10 05:00:00,1019.1900116408049,-1.0392183091101483,-0.723215763903537,1.2661025768666347,-0.03414552271818786,-0.0001830643644055018,-0.03432858708259336,-0.04050584433629007,-3.414552271818786,-0.01830643644055018,-3.4328587082593365,-4.050584433629007,-0.0454487924377664,-4.5448792437766405,forecast,-0.08595463677405647,-8.595463677405647,1.5689546367740566,156.89546367740564,1.5599546367740564,155.99546367740564,-0.04050584433629007,-4.050584433629007
2026-10-10 06:00:00,1019.20875,-0.987823486328125,-0.6685333251953125,1.1927833193996942,-0.03431891812500009,-0.00015642788241384552,-0.034475346007413935,-0.039902794503402464,-3.431891812500009,-0.015642788241384552,-3.4475346007413936,-3.9902794503402466,-0.0347181299748147,-3.47181299748147,forecast,-0.07462092447821717,-7.462092447821717,1.5576209244782173,155.76209244782174,1.5486209244782172,154.8620924478217,-0.039902794503402464,-3.9902794503402466
2026-10-10 07:00:00,1019.462604099936,-0.9150732701073344,-0.6089998694148968,1.0991996773163155,-0.03666795703875793,-0.00012980829433157647,-0.036797765333089504,-0.03959229158637117,-3.666795703875793,-0.012980829433157648,-3.6797765333089503,-3.959229158637117,-0.0350519337545681,-3.5051933754568103,forecast,-0.07464422534093927,-7.464422534093927,1.5576442253409393,155.76442253409394,1.5486442253409392,154.8644225340939,-0.03959229158637117,-3.959229158637117
2026-10-10 08:00:00,1019.9108853833013,-0.7947128344462976,-0.5402202793831516,0.9609403933077633,-0.04081612789437877,-0.00010214328258988365,-0.040918271176968654,-0.039724889545430915,-4.0816127894378775,-0.010214328258988365,-4.091827117696865,-3.9724889545430915,-0.0448609428511693,-4.4860942851169305,forecast,-0.08458583239660022,-8.458583239660022,1.5675858323966003,156.75858323966003,1.5585858323966002,155.85858323966002,-0.039724889545430915,-3.9724889545430915
2026-10-10 09:00:00,1020.15,-0.609710693359375,-0.429168701171875,0.7456090823362628,-0.0430287749999998,-6.446502092294395e-05,-0.04309324002092274,-0.040061724592980096,-4.30287749999998,-0.006446502092294395,-4.309324002092274,-4.00617245929801,-0.0582079656560611,-5.82079656560611,forecast,-0.0982696902490412,-9.82696902490412,1.5812696902490413,158.12696902490413,1.5722696902490412,157.22696902490412,-0.040061724592980096,-4.00617245929801
2026-10-10 10:00:00,1020.0202784515553,0.16158400485687935,0.1769816455485072,0.2396495221915651,-0.04182839665146723,1.0962876001370105e-05,-0.04181743377546586,-0.04023729551122867,-4.182839665146723,0.0010962876001370104,-4.181743377546586,-4.023729551122867,-0.0705422789965282,-7.054227899652819,forecast,-0.11077957450775686,-11.077957450775685,1.593779574507757,159.3779574507757,1.5847795745077569,158.47795745077568,-0.04023729551122867,-4.023729551122867
2026-10-10 11:00:00,1019.7144457919997,1.4286685840187756,1.1526743758341493,1.8356884647637952,-0.038998374136268776,0.000465030375846626,-0.038533343760422153,-0.040066900336148015,-3.8998374136268774,0.0465030375846626,-3.8533343760422154,-4.0066900336148015,-0.0811925955854916,-8.11925955854916,forecast,-0.12125949592163962,-12.125949592163963,1.6042594959216396,160.42594959216396,1.5952594959216395,159.52594959216395,-0.040066900336148015,-4.0066900336148015
2026-10-10 12:00:00,1019.3575,2.29034423828125,1.663360595703125,2.830626291329531,-0.035695376249999626,0.0009683689649682492,-0.03472700728503138,-0.03953291103103635,-3.5695376249999624,0.09683689649682492,-3.472700728503138,-3.953291103103635,-0.0896305118975622,-8.96305118975622,forecast,-0.12916342292859856,-12.916342292859856,1.6121634229285986,161.21634229285985,1.6031634229285985,160.31634229285984,-0.03953291103103635,-3.953291103103635
2026-10-10 13:00:00,1018.8590378635784,2.6209045255083137,1.5635949074494957,3.0518796775810078,-0.031082856870622275,0.0008556901621106989,-0.030227166708511576,-0.03860233659878387,-3.1082856870622275,0.08556901621106988,-3.0227166708511577,-3.860233659878387,-0.0923296065847194,-9.23296065847194,forecast,-0.13093194318350326,-13.093194318350326,1.6139319431835033,161.39319431835034,1.6049319431835032,160.4931943183503,-0.03860233659878387,-3.860233659878387
2026-10-10 14:00:00,1018.267661081823,2.8591557743101466,1.300512704438922,3.141035662990488,-0.025610551820649204,0.0005919666530424636,-0.02501858516760674,-0.03724396145566616,-2.5610551820649206,0.05919666530424636,-2.501858516760674,-3.7243961455666157,-0.0856222622419727,-8.56222622419727,forecast,-0.12286622369763886,-12.286622369763887,1.6058662236976389,160.5866223697639,1.5968662236976388,159.68662236976388,-0.03724396145566616,-3.7243961455666157
2026-10-10 15:00:00,1017.916875,2.9506683349609375,0.928436279296875,3.093289114786359,-0.022364552812500046,0.0003016978736501187,-0.022062854938849928,-0.035725850803984535,-2.2364552812500045,0.030169787365011868,-2.2062854938849927,-3.5725850803984533,-0.0698800591311999,-6.9880059131199905,forecast,-0.10560590993518444,-10.560590993518444,1.5886059099351846,158.86059099351846,1.5796059099351845,157.96059099351845,-0.035725850803984535,-3.5725850803984533
2026-10-10 16:00:00,1017.8108567629179,2.4912019090732755,-0.20823659043429227,2.499889883448075,-0.02138351305566047,-1.5176867158494715e-05,-0.021398689922818962,-0.03429313471586798,-2.138351305566047,-0.0015176867158494716,-2.139868992281896,-3.4293134715867977,-0.049074620219058,-4.9074620219058,forecast,-0.08336775493492599,-8.336775493492599,1.5663677549349262,156.63677549349262,1.5573677549349259,155.7367754934926,-0.03429313471586798,-3.4293134715867977
2026-10-10 17:00:00,1017.7389700481256,1.5043239163453355,-1.891283619110375,2.416597644044992,-0.020718309340329928,-0.0012519338047703333,-0.021970243145100262,-0.033060845558791206,-2.071830934032993,-0.12519338047703332,-2.1970243145100263,-3.3060845558791208,-0.0285509087117692,-2.85509087117692,forecast,-0.061611754270560405,-6.16117542705604,1.5446117542705604,154.46117542705605,1.5356117542705603,153.56117542705604,-0.033060845558791206,-3.3060845558791208
2026-10-10 18:00:00,1017.7125,0.5773162841796875,-2.755645751953125,2.815471115503824,-0.020473368749999794,-0.002657754228590056,-0.02313112297858985,-0.03206787330077107,-2.047336874999979,-0.26577542285900563,-2.313112297858985,-3.2067873300771073,-0.0146653682291807,-1.46653682291807,forecast,-0.04673324152995177,-4.6733241529951774,1.5297332415299518,152.9733241529952,1.5207332415299517,152.07332415299518,-0.03206787330077107,-3.2067873300771073
2026-10-10 19:00:00,1017.9388657407408,-0.2242352797350926,-2.203319408275463,2.214700403115783,-0.022568044131944683,-0.0016991157452091673,-0.02426715987715385,-0.03128780195840935,-2.2568044131944682,-0.16991157452091674,-2.4267159877153848,-3.128780195840935,-0.0129043273077787,-1.29043273077787,forecast,-0.04419212926618805,-4.419212926618805,1.527192129266188,152.7192129266188,1.518192129266188,151.8192129266188,-0.03128780195840935,-3.128780195840935
2026-10-10 20:00:00,1018.3592592592594,-0.9781234314257059,-1.177570484302662,1.5308160218017066,-0.026458155555556626,-0.0004853352859252821,-0.02694349084148191,-0.030853370846716605,-2.6458155555556626,-0.048533528592528206,-2.694349084148191,-3.0853370846716603,-0.0236593879254501,-2.36593879254501,forecast,-0.0545127587721667,-5.45127587721667,1.5375127587721669,153.7512758772167,1.5285127587721667,152.85127587721666,-0.030853370846716605,-3.0853370846716603
2026-10-10 21:00:00,1018.585625,-1.3121337890625,-0.625244140625,1.4534872946762927,-0.028552830937500467,-0.00013682558238506317,-0.02868965651988553,-0.030636999414033497,-2.855283093750047,-0.013682558238506316,-2.868965651988553,-3.0636999414033497,-0.0417482075710614,-4.17482075710614,forecast,-0.0723852069850949,-7.2385206985094905,1.555385206985095,155.5385206985095,1.546385206985095,154.6385206985095,-0.030636999414033497,-3.0636999414033497
2026-10-10 22:00:00,1018.5519444444444,-1.2996916594328705,-0.7667993616174769,1.5090326936737781,-0.02824116791666641,-0.0002057934413419395,-0.02844696135800835,-0.03041799560843098,-2.824116791666641,-0.02057934413419395,-2.844696135800835,-3.041799560843098,-0.0611465932585651,-6.11465932585651,forecast,-0.09156458886699607,-9.156458886699607,1.5745645888669961,157.4564588866996,1.565564588866996,156.5564588866996,-0.03041799560843098,-3.041799560843098
2026-10-10 23:00:00,1018.4192361111111,-1.212596752025463,-1.2390430591724537,1.7336719947862498,-0.027013151354166605,-0.0005373296958692015,-0.027550481050035807,-0.030131244152591462,-2.7013151354166607,-0.05373296958692015,-2.755048105003581,-3.013124415259146,-0.0787807187877998,-7.87807187877998,forecast,-0.10891196294039127,-10.891196294039126,1.5919119629403913,159.19119629403912,1.5829119629403912,158.2911962940391,-0.030131244152591462,-3.013124415259146
2026-10-11 00:00:00,1018.14,-0.9761962890625,-2.11334228515625,2.3279121136780137,-0.024429239999999876,-0.0015631754649803042,-0.02599241546498018,-0.029717361283830332,-2.4429239999999877,-0.15631754649803042,-2.599241546498018,-2.971736128383033,-0.0934586913183289,-9.34586913183289,forecast,-0.12317605260215923,-12.317605260215924,1.6061760526021593,160.61760526021592,1.5971760526021592,159.71760526021592,-0.029717361283830332,-2.971736128383033
